{"settings": {"name": "test", "acceleration": 2, "max_speed": 35, "rotation_speed": 3.5, "friction": 0.95, "shape": [5, 4, 3, 2], "max_score": 108, "gen_count": 42}, "weights": [[[-0.14902671517587057, 0.24114923086902212, -1.3227615716881338, -0.7441842028746501], [-2.7486848639218926, 1.1766856577750104, 0.6456974940153339, 1.237865083079576], [2.2427082785050603, 0.690414631356885, -0.7793213916228112, 0.7627572727294865], [0.3900700013826954, 0.5728175791126784, -0.7762620421165698, 1.2194760723725215], [1.1155330241578287, -0.5881568907231968, -0.4298553389543986, 0.4402118310644377]], [[1.6425357950506492, -1.3668421562515614, -1.146163462509537], [-0.807627233113081, -0.5703563843872628, 1.4455120630107863], [0.27421596106421137, 1.319823108324876, 0.15054575877202275], [-0.612911424870631, -0.4950726303608163, 2.121607936570771]], [[-2.257959101549976, 0.14210193099251417], [2.07232729256302, -2.929232855467906], [1.0424667518111714, -0.4809805070569041]]]}