{"settings": {"name": "F1", "acceleration": 1, "max_speed": 45, "rotation_speed": 3.5, "shape": [6, 4, 3, 2], "max_score": 107, "gen_count": 35, "friction": 0.95}, "weights": [[[1.0380186310381632, -0.5046119165664904, -0.7850689984127059, 0.4512190710672174], [-0.14262726841373555, 0.48819381226321135, 2.9176286956516027, 0.15883944982849738], [-1.3944098250578831, -0.5226599208957788, 0.7184233585617426, 3.062729173158203], [0.5404070223511056, -2.1811912154460873, -0.557081319358441, -0.706628697725882], [-1.1900023700762912, -0.5070311422327907, 0.011954498704456248, 1.6688147771073725], [-0.2267905882608779, 0.7595553371356449, 0.06459840847087607, -0.9817038513887615]], [[-0.34180790245924764, 0.8586351351952065, -1.216216848988878], [2.6160186723515313, 2.329733799870344, -0.2633435682271566], [2.9338807610218582, 0.5210018857464409, 2.7440067057628865], [-1.11083856081797, -0.35674539737133426, -0.4966138584084655]], [[3.27648532392811, 1.408384961179871], [1.2714797856668343, -1.5870107258127235], [1.8210213080889506, 2.8440516756598044]]]}