{"settings":
{"name": "test", "acceleration": 1, "max_speed": 20, "rotation_speed": 3,
  "shape": [6, 4, 3, 2], "max_score": 0, "gen_count": 0, "friction": 0.95},
  "weights": [[[0.523271098463804, -0.33480035092765115, 0.40606303500517527, 0.5679649169198622], [1.9943873870413171, 2.5585536073019917, -2.692839608060132, 1.2494652755138094], [0.17134577862308079, -0.2253419381283174, -0.3080528892378159, 1.3081666002901922], [-0.05645287834373121, -1.1583979082088522, 1.1555246837804023, -3.645782643174966], [0.9155947084012563, 2.945207960855089, -2.00909510835207, -0.6484958477381286], [1.9004299085678427, -1.8541212471478359, 0.2993909282097265, -0.6729886350140417]], [[0.49115602359970295, 0.22759354273951354, -0.5352177606122426], [0.8365387810129465, 0.4722456443311137, -1.3454946601695692], [0.05140242229152869, -0.6671607122100212, 0.702121502412292], [1.2456793774919688, -0.3087332667484023, -4.391873218816839]], [[1.0736284796839826, 1.409650505831956], [1.3299976282413741, 1.0311136439169142], [-3.742227410450528, 2.3361884156491537]]]}