{"settings": {"name": "F1", "acceleration": 1, "max_speed": 18, "rotation_speed": 3, "shape": [6, 4, 3, 2], "max_score": 63, "gen_count": 28, "friction": 0.95}, "weights": [[[0.026937546419611463, 0.03435206076178082, -0.48735057662154585, -0.9762304787511571], [-1.318850077035367, -3.4141082424420293, -0.8900117298265839, 0.5074959730798358], [1.0767417809500652, 0.9272857623603359, -2.476695114987033, 0.49136396821876815], [1.1260052104063185, 1.6408762960092678, -0.15243626471351088, -0.9501279477189427], [-0.06543271858953781, 0.8153039791147436, 0.8751759861028967, 1.9140787750481043], [0.8874917693160425, -0.33419403878079645, 0.47161188640311713, 0.7484659845271302]], [[-0.037668722506899344, -2.7745921109405662, 1.2289740054735316], [1.165907797697684, -2.4517896384492883, 1.473974986122227], [1.471181604431893, 0.3456630936992372, 0.6958391616758254], [1.3320407566590493, 1.1919873535609748, -0.6242430316767004]], [[-0.178742305741109, -3.0290986272079614], [1.8848425594448874, -0.1105012612463753], [-0.8728662295385852, 0.5400204019893551]]]}