{"settings": {"acceleration": 3, "max_speed": 20, "rotation_speed": 3.5, "shape": [5, 4, 3, 3, 2], "best_result": 180, "generations": 103}, "weights": [[[0.4436093162662158, -0.20401606953144907, 0.8085584827578296, 1.1269733776099573], [-0.7692471701155044, -1.2465185929206863, 1.3442834890695845, 0.1444719242682723], [1.1616813813213076, 0.22655800353114156, -1.0102642664467822, -1.3058723094531612], [-1.4280886262516312, 0.582728436043727, 0.5982138308299922, -0.22074010595670754], [-0.7885383250481515, 0.5680874716365002, -0.7465970413701335, -0.2606199823262775]], [[0.38019658750642726, 0.5279156677198061, 1.367659457596496], [0.479203374358784, -0.21803803628642768, -0.37968428428200074], [0.13487516616791997, 0.21243220390808304, -0.861924595976538], [0.8904487284062881, -0.4148252736023901, -0.8021750072874276]], [[0.7500341066786073, 0.5198715047228271, -1.6658336941277607], [-0.23252408608698677, -0.04839716178767617, 0.0040046736563799645], [0.8800093165951398, 0.861448025190073, 1.9968115500159462]], [[-1.1368627082206237, -1.0584992901138945], [-0.44495683062595254, -0.47005998255332754], [-2.010717355530275, 0.6157345377759978]]]}