{"settings": {"ACCELERATION": 5, "MAX_SPEED": 20, "ROTATION_SPEED": 3.5, "SHAPE": [5, 3, 2, 2], "best_result": 158, "generations": 90}, "weights": [[[-0.315025056752428, -0.5038659611442686, 0.6889223862498047], [0.9794504965986246, 1.4945601953096306, -0.9648560833529276], [-0.4836645724168843, -1.2485326756727475, 1.1494580985452778], [0.6580487156552591, 0.1740599525261472, 0.7057633551338891], [0.9236543599211118, -0.6493438398027871, -0.41804297764723025]], [[1.0012180240241493, -0.006843763191340611], [1.0829535424334331, -0.05948078007963374], [-1.055151846265019, -0.2672148830481155]], [[2.085485609291609, -0.09203408419566683], [0.39716545531291925, 1.011119812784455]]]}