{"settings":
{
  "name" : "xd",
  "acceleration": 3,
  "max_speed": 20,
  "rotation_speed": 3.5,
  "shape": [5, 4, 2],
  "max_score": 112,
  "gen_count": 40
},
  "weights": [[[-1.0519125456071121, -0.16853610303618594, -0.1425855080893315, -0.3970038708195326], [-0.6518288540803434, -0.5644212310616487, -0.4683474539737559, -0.8911113409584546], [0.4865032093488374, 1.6754935906569863, 1.0305073242515892, -0.6590979979049205], [-0.20559175019966747, -0.2808856085158472, 0.342963662829223, 0.5672914190166851], [-0.5943742861625985, -0.41817333934816203, 0.6787994240041133, -0.2867889669791378]], [[-0.964656181844506, 0.04864634591463343], [-1.9675463256056582, -0.3524924092610354], [-1.3000921101911624, 0.563768158635798], [-0.09398718017602128, -0.11870546442912971]]]}