{"settings": {"name": "test", "acceleration": 2, "max_speed": 35, "rotation_speed": 3.5, "shape": [6, 4, 3, 2], "max_score": 130, "gen_count": 0, "friction": 0.95}, "weights": [[[0.7524014528049601, -1.0930629271297414, 0.2841923522753621, 2.31432674644726], [-0.6826254956642803, -0.6985159373191414, 0.9344975483448471, 0.33187625063546133], [0.11893920753583656, -0.36658243350371467, -1.759458844530754, -0.880261169007756], [1.379427014762392, 0.7488992769343482, -0.903912129285906, 0.24881450006105713], [-0.3356249636488024, -1.474605358262618, 0.009322395802544403, 1.1744247608208036], [0.06847295100449491, 2.16405383889523, 2.004895318406757, -1.1137619207237055]], [[-0.08707719538732486, 1.5239426181642757, -0.9386393886046538], [-0.63577384760128, 1.5489220920966174, -1.3170218971737606], [2.8105072442585217, -0.28494319137445956, 1.4750325279921428], [0.4638340831600527, -1.0523920697834606, -0.855335108779721]], [[0.5042882010154088, -1.4755793357317124], [-1.839223361154096, -0.5426780771524107], [1.4240651533680106, -1.045504363991235]]]}