{"settings": {"name": "test", "acceleration": 1, "max_speed": 30, "rotation_speed": 4, "shape": [6, 4, 3, 2], "max_score": 93, "gen_count": 19, "friction": 0.95}, "weights": [[[-0.1519364294206843, 0.2976643879176716, -0.5479649294965067, 0.4898931838417429], [1.0941882865964916, 0.21637767041127293, -1.6237361231000549, 0.6269928785129435], [-0.9723406982473007, -0.4493727073955204, 0.33623209417692873, -0.22157183125156926], [-0.03786875177424348, -0.7764703372380491, 1.396021442761533, -1.8461681411513335], [-0.439908202578713, 1.2178811813136685, -0.9803670378655706, -1.3178980698954137], [0.47418389695853413, -0.91763336505336, 0.7441659818218851, 0.45306428178781755]], [[-0.02968114322552714, 0.46893728051384986, -1.2229511023314468], [-0.08367556353217123, -0.14442619268237883, -0.6669322251764402], [0.2987665175308384, -0.4596373321479842, 1.3553325181835623], [0.6762852027336295, -1.67252998872792, -1.4402623097169316]], [[-0.6411247313172654, 0.6710227175895902], [1.0192796371643214, 0.26085907682664383], [-2.352929836598119, 2.6593380454740148]]]}